OOB	100-117	20-85
1	0.265232974910394	0.5	0.170854271356784
2	0.262931034482759	0.433823529411765	0.192073170731707
3	0.271453590192644	0.447058823529412	0.197007481296758
4	0.269170579029734	0.421052631578947	0.204899777282851
5	0.275037369207773	0.467661691542289	0.192307692307692
6	0.256521739130435	0.414285714285714	0.1875
7	0.238429172510519	0.382075471698113	0.177644710578842
8	0.252413793103448	0.389908256880734	0.193293885601578
9	0.236016371077763	0.374429223744292	0.17704280155642
10	0.239455782312925	0.397260273972603	0.172480620155039
11	0.23202170963365	0.378995433789954	0.16988416988417
12	0.219676549865229	0.361990950226244	0.159309021113244
13	0.219380888290713	0.375565610859729	0.153256704980843
14	0.224764468371467	0.402714932126697	0.149425287356322
15	0.221774193548387	0.407239819004525	0.1434034416826
16	0.208053691275168	0.375565610859729	0.137404580152672
17	0.193288590604027	0.361990950226244	0.122137404580153
18	0.190348525469169	0.36036036036036	0.118320610687023
19	0.184738955823293	0.355855855855856	0.112380952380952
20	0.184738955823293	0.346846846846847	0.116190476190476
21	0.184738955823293	0.364864864864865	0.108571428571429
22	0.190093708165997	0.355855855855856	0.12
23	0.184738955823293	0.351351351351351	0.114285714285714
24	0.178045515394913	0.355855855855856	0.102857142857143
25	0.179384203480589	0.355855855855856	0.104761904761905
26	0.187416331994645	0.364864864864865	0.112380952380952
27	0.180722891566265	0.36036036036036	0.104761904761905
28	0.179384203480589	0.355855855855856	0.104761904761905
29	0.183400267737617	0.373873873873874	0.102857142857143
30	0.184738955823293	0.369369369369369	0.106666666666667
31	0.168674698795181	0.364864864864865	0.0857142857142857
32	0.174029451137885	0.369369369369369	0.0914285714285714
33	0.174029451137885	0.355855855855856	0.0971428571428571
34	0.172690763052209	0.369369369369369	0.0895238095238095
35	0.164658634538153	0.36036036036036	0.0819047619047619
36	0.165997322623829	0.351351351351351	0.0876190476190476
37	0.168674698795181	0.36036036036036	0.0876190476190476
38	0.165997322623829	0.337837837837838	0.0933333333333333
39	0.165997322623829	0.351351351351351	0.0876190476190476
40	0.163319946452477	0.351351351351351	0.0838095238095238
41	0.165997322623829	0.355855855855856	0.0857142857142857
42	0.165997322623829	0.355855855855856	0.0857142857142857
43	0.159303882195448	0.346846846846847	0.08
44	0.157965194109772	0.346846846846847	0.0780952380952381
45	0.153949129852744	0.324324324324324	0.0819047619047619
46	0.153949129852744	0.328828828828829	0.08
47	0.14859437751004	0.333333333333333	0.0704761904761905
48	0.149933065595716	0.324324324324324	0.0761904761904762
49	0.151271753681392	0.333333333333333	0.0742857142857143
50	0.149933065595716	0.328828828828829	0.0742857142857143
51	0.149933065595716	0.333333333333333	0.0723809523809524
52	0.151271753681392	0.333333333333333	0.0742857142857143
53	0.157965194109772	0.346846846846847	0.0780952380952381
54	0.152610441767068	0.342342342342342	0.0723809523809524
55	0.15528781793842	0.342342342342342	0.0761904761904762
56	0.15528781793842	0.337837837837838	0.0780952380952381
57	0.152610441767068	0.346846846846847	0.0704761904761905
58	0.151271753681392	0.342342342342342	0.0704761904761905
59	0.15528781793842	0.337837837837838	0.0780952380952381
60	0.151271753681392	0.342342342342342	0.0704761904761905
61	0.15528781793842	0.346846846846847	0.0742857142857143
62	0.156626506024096	0.351351351351351	0.0742857142857143
63	0.156626506024096	0.342342342342342	0.0780952380952381
64	0.15528781793842	0.351351351351351	0.0723809523809524
65	0.152610441767068	0.337837837837838	0.0742857142857143
66	0.152610441767068	0.337837837837838	0.0742857142857143
67	0.152610441767068	0.333333333333333	0.0761904761904762
68	0.152610441767068	0.337837837837838	0.0742857142857143
69	0.153949129852744	0.337837837837838	0.0761904761904762
70	0.149933065595716	0.333333333333333	0.0723809523809524
71	0.151271753681392	0.333333333333333	0.0742857142857143
72	0.153949129852744	0.333333333333333	0.0780952380952381
73	0.159303882195448	0.342342342342342	0.0819047619047619
74	0.153949129852744	0.342342342342342	0.0742857142857143
75	0.153949129852744	0.337837837837838	0.0761904761904762
76	0.149933065595716	0.328828828828829	0.0742857142857143
77	0.147255689424364	0.333333333333333	0.0685714285714286
78	0.14859437751004	0.333333333333333	0.0704761904761905
79	0.145917001338688	0.337837837837838	0.0647619047619048
80	0.145917001338688	0.337837837837838	0.0647619047619048
81	0.147255689424364	0.342342342342342	0.0647619047619048
82	0.147255689424364	0.337837837837838	0.0666666666666667
83	0.145917001338688	0.333333333333333	0.0666666666666667
84	0.145917001338688	0.337837837837838	0.0647619047619048
85	0.149933065595716	0.346846846846847	0.0666666666666667
86	0.151271753681392	0.355855855855856	0.0647619047619048
87	0.147255689424364	0.342342342342342	0.0647619047619048
88	0.14859437751004	0.337837837837838	0.0685714285714286
89	0.151271753681392	0.342342342342342	0.0704761904761905
90	0.151271753681392	0.346846846846847	0.0685714285714286
91	0.151271753681392	0.342342342342342	0.0704761904761905
92	0.149933065595716	0.337837837837838	0.0704761904761905
93	0.149933065595716	0.337837837837838	0.0704761904761905
94	0.151271753681392	0.342342342342342	0.0704761904761905
95	0.149933065595716	0.342342342342342	0.0685714285714286
96	0.149933065595716	0.342342342342342	0.0685714285714286
97	0.145917001338688	0.337837837837838	0.0647619047619048
98	0.147255689424364	0.337837837837838	0.0666666666666667
99	0.145917001338688	0.337837837837838	0.0647619047619048
100	0.14190093708166	0.337837837837838	0.0590476190476191
101	0.145917001338688	0.342342342342342	0.0628571428571429
102	0.143239625167336	0.333333333333333	0.0628571428571429
103	0.140562248995984	0.333333333333333	0.0590476190476191
104	0.139223560910308	0.328828828828829	0.0590476190476191
105	0.14190093708166	0.337837837837838	0.0590476190476191
106	0.144578313253012	0.333333333333333	0.0647619047619048
107	0.143239625167336	0.328828828828829	0.0647619047619048
108	0.143239625167336	0.333333333333333	0.0628571428571429
109	0.144578313253012	0.333333333333333	0.0647619047619048
110	0.14190093708166	0.333333333333333	0.060952380952381
111	0.140562248995984	0.324324324324324	0.0628571428571429
112	0.143239625167336	0.328828828828829	0.0647619047619048
113	0.143239625167336	0.328828828828829	0.0647619047619048
114	0.145917001338688	0.337837837837838	0.0647619047619048
115	0.144578313253012	0.333333333333333	0.0647619047619048
116	0.14859437751004	0.333333333333333	0.0704761904761905
117	0.14190093708166	0.328828828828829	0.0628571428571429
118	0.143239625167336	0.324324324324324	0.0666666666666667
119	0.145917001338688	0.324324324324324	0.0704761904761905
120	0.147255689424364	0.333333333333333	0.0685714285714286
121	0.144578313253012	0.324324324324324	0.0685714285714286
122	0.14859437751004	0.328828828828829	0.0723809523809524
123	0.149933065595716	0.333333333333333	0.0723809523809524
124	0.144578313253012	0.324324324324324	0.0685714285714286
125	0.147255689424364	0.328828828828829	0.0704761904761905
126	0.14190093708166	0.328828828828829	0.0628571428571429
127	0.145917001338688	0.337837837837838	0.0647619047619048
128	0.147255689424364	0.333333333333333	0.0685714285714286
129	0.14859437751004	0.337837837837838	0.0685714285714286
130	0.149933065595716	0.333333333333333	0.0723809523809524
131	0.147255689424364	0.337837837837838	0.0666666666666667
132	0.147255689424364	0.337837837837838	0.0666666666666667
133	0.145917001338688	0.328828828828829	0.0685714285714286
134	0.144578313253012	0.333333333333333	0.0647619047619048
135	0.147255689424364	0.333333333333333	0.0685714285714286
136	0.145917001338688	0.333333333333333	0.0666666666666667
137	0.147255689424364	0.337837837837838	0.0666666666666667
138	0.144578313253012	0.333333333333333	0.0647619047619048
139	0.140562248995984	0.324324324324324	0.0628571428571429
140	0.143239625167336	0.328828828828829	0.0647619047619048
141	0.14190093708166	0.328828828828829	0.0628571428571429
142	0.145917001338688	0.337837837837838	0.0647619047619048
143	0.143239625167336	0.328828828828829	0.0647619047619048
144	0.144578313253012	0.337837837837838	0.0628571428571429
145	0.147255689424364	0.342342342342342	0.0647619047619048
146	0.14859437751004	0.342342342342342	0.0666666666666667
147	0.144578313253012	0.346846846846847	0.0590476190476191
148	0.14190093708166	0.337837837837838	0.0590476190476191
149	0.144578313253012	0.342342342342342	0.060952380952381
150	0.145917001338688	0.342342342342342	0.0628571428571429
151	0.145917001338688	0.346846846846847	0.060952380952381
152	0.147255689424364	0.346846846846847	0.0628571428571429
153	0.145917001338688	0.346846846846847	0.060952380952381
154	0.145917001338688	0.342342342342342	0.0628571428571429
155	0.147255689424364	0.342342342342342	0.0647619047619048
156	0.147255689424364	0.346846846846847	0.0628571428571429
157	0.147255689424364	0.346846846846847	0.0628571428571429
158	0.147255689424364	0.346846846846847	0.0628571428571429
159	0.144578313253012	0.337837837837838	0.0628571428571429
160	0.144578313253012	0.337837837837838	0.0628571428571429
161	0.149933065595716	0.342342342342342	0.0685714285714286
162	0.147255689424364	0.342342342342342	0.0647619047619048
163	0.147255689424364	0.342342342342342	0.0647619047619048
164	0.147255689424364	0.337837837837838	0.0666666666666667
165	0.147255689424364	0.337837837837838	0.0666666666666667
166	0.14859437751004	0.342342342342342	0.0666666666666667
167	0.149933065595716	0.346846846846847	0.0666666666666667
168	0.14859437751004	0.342342342342342	0.0666666666666667
169	0.149933065595716	0.342342342342342	0.0685714285714286
170	0.14859437751004	0.342342342342342	0.0666666666666667
171	0.151271753681392	0.346846846846847	0.0685714285714286
172	0.14859437751004	0.342342342342342	0.0666666666666667
173	0.151271753681392	0.346846846846847	0.0685714285714286
174	0.149933065595716	0.346846846846847	0.0666666666666667
175	0.145917001338688	0.342342342342342	0.0628571428571429
176	0.14859437751004	0.342342342342342	0.0666666666666667
177	0.147255689424364	0.342342342342342	0.0647619047619048
178	0.14859437751004	0.342342342342342	0.0666666666666667
179	0.145917001338688	0.337837837837838	0.0647619047619048
180	0.14859437751004	0.342342342342342	0.0666666666666667
181	0.147255689424364	0.342342342342342	0.0647619047619048
182	0.145917001338688	0.342342342342342	0.0628571428571429
183	0.145917001338688	0.342342342342342	0.0628571428571429
184	0.14859437751004	0.346846846846847	0.0647619047619048
185	0.144578313253012	0.337837837837838	0.0628571428571429
186	0.145917001338688	0.342342342342342	0.0628571428571429
187	0.145917001338688	0.337837837837838	0.0647619047619048
188	0.144578313253012	0.342342342342342	0.060952380952381
189	0.145917001338688	0.342342342342342	0.0628571428571429
190	0.145917001338688	0.342342342342342	0.0628571428571429
191	0.147255689424364	0.337837837837838	0.0666666666666667
192	0.147255689424364	0.342342342342342	0.0647619047619048
193	0.14859437751004	0.337837837837838	0.0685714285714286
194	0.14859437751004	0.337837837837838	0.0685714285714286
195	0.144578313253012	0.333333333333333	0.0647619047619048
196	0.147255689424364	0.337837837837838	0.0666666666666667
197	0.147255689424364	0.337837837837838	0.0666666666666667
198	0.147255689424364	0.337837837837838	0.0666666666666667
199	0.145917001338688	0.333333333333333	0.0666666666666667
200	0.14859437751004	0.337837837837838	0.0685714285714286
201	0.147255689424364	0.337837837837838	0.0666666666666667
202	0.144578313253012	0.333333333333333	0.0647619047619048
203	0.143239625167336	0.337837837837838	0.060952380952381
204	0.144578313253012	0.328828828828829	0.0666666666666667
205	0.145917001338688	0.333333333333333	0.0666666666666667
206	0.144578313253012	0.337837837837838	0.0628571428571429
207	0.145917001338688	0.333333333333333	0.0666666666666667
208	0.144578313253012	0.337837837837838	0.0628571428571429
209	0.144578313253012	0.333333333333333	0.0647619047619048
210	0.143239625167336	0.333333333333333	0.0628571428571429
211	0.147255689424364	0.337837837837838	0.0666666666666667
212	0.145917001338688	0.337837837837838	0.0647619047619048
213	0.145917001338688	0.333333333333333	0.0666666666666667
214	0.143239625167336	0.333333333333333	0.0628571428571429
215	0.14190093708166	0.333333333333333	0.060952380952381
216	0.143239625167336	0.333333333333333	0.0628571428571429
217	0.143239625167336	0.337837837837838	0.060952380952381
218	0.143239625167336	0.333333333333333	0.0628571428571429
219	0.140562248995984	0.333333333333333	0.0590476190476191
220	0.143239625167336	0.342342342342342	0.0590476190476191
221	0.143239625167336	0.337837837837838	0.060952380952381
222	0.14190093708166	0.328828828828829	0.0628571428571429
223	0.14190093708166	0.333333333333333	0.060952380952381
224	0.137884872824632	0.328828828828829	0.0571428571428571
225	0.143239625167336	0.342342342342342	0.0590476190476191
226	0.143239625167336	0.337837837837838	0.060952380952381
227	0.143239625167336	0.337837837837838	0.060952380952381
228	0.14190093708166	0.333333333333333	0.060952380952381
229	0.143239625167336	0.337837837837838	0.060952380952381
230	0.144578313253012	0.337837837837838	0.0628571428571429
231	0.143239625167336	0.333333333333333	0.0628571428571429
232	0.143239625167336	0.337837837837838	0.060952380952381
233	0.145917001338688	0.342342342342342	0.0628571428571429
234	0.144578313253012	0.342342342342342	0.060952380952381
235	0.143239625167336	0.337837837837838	0.060952380952381
236	0.143239625167336	0.337837837837838	0.060952380952381
237	0.14190093708166	0.337837837837838	0.0590476190476191
238	0.144578313253012	0.342342342342342	0.060952380952381
239	0.143239625167336	0.337837837837838	0.060952380952381
240	0.144578313253012	0.342342342342342	0.060952380952381
241	0.140562248995984	0.333333333333333	0.0590476190476191
242	0.14190093708166	0.337837837837838	0.0590476190476191
243	0.143239625167336	0.337837837837838	0.060952380952381
244	0.143239625167336	0.337837837837838	0.060952380952381
245	0.143239625167336	0.342342342342342	0.0590476190476191
246	0.14190093708166	0.342342342342342	0.0571428571428571
247	0.140562248995984	0.342342342342342	0.0552380952380952
248	0.144578313253012	0.346846846846847	0.0590476190476191
249	0.143239625167336	0.342342342342342	0.0590476190476191
250	0.144578313253012	0.342342342342342	0.060952380952381
251	0.143239625167336	0.342342342342342	0.0590476190476191
252	0.143239625167336	0.342342342342342	0.0590476190476191
253	0.143239625167336	0.342342342342342	0.0590476190476191
254	0.144578313253012	0.342342342342342	0.060952380952381
255	0.145917001338688	0.346846846846847	0.060952380952381
256	0.145917001338688	0.346846846846847	0.060952380952381
257	0.147255689424364	0.346846846846847	0.0628571428571429
258	0.144578313253012	0.342342342342342	0.060952380952381
259	0.145917001338688	0.342342342342342	0.0628571428571429
260	0.145917001338688	0.342342342342342	0.0628571428571429
261	0.145917001338688	0.342342342342342	0.0628571428571429
262	0.144578313253012	0.337837837837838	0.0628571428571429
263	0.144578313253012	0.337837837837838	0.0628571428571429
264	0.145917001338688	0.337837837837838	0.0647619047619048
265	0.145917001338688	0.337837837837838	0.0647619047619048
266	0.145917001338688	0.337837837837838	0.0647619047619048
267	0.144578313253012	0.337837837837838	0.0628571428571429
268	0.144578313253012	0.337837837837838	0.0628571428571429
269	0.144578313253012	0.337837837837838	0.0628571428571429
270	0.144578313253012	0.337837837837838	0.0628571428571429
271	0.145917001338688	0.342342342342342	0.0628571428571429
272	0.144578313253012	0.337837837837838	0.0628571428571429
273	0.144578313253012	0.337837837837838	0.0628571428571429
274	0.144578313253012	0.337837837837838	0.0628571428571429
275	0.144578313253012	0.337837837837838	0.0628571428571429
276	0.145917001338688	0.337837837837838	0.0647619047619048
277	0.14190093708166	0.333333333333333	0.060952380952381
278	0.140562248995984	0.333333333333333	0.0590476190476191
279	0.144578313253012	0.342342342342342	0.060952380952381
280	0.145917001338688	0.342342342342342	0.0628571428571429
281	0.144578313253012	0.342342342342342	0.060952380952381
282	0.143239625167336	0.337837837837838	0.060952380952381
283	0.145917001338688	0.337837837837838	0.0647619047619048
284	0.145917001338688	0.342342342342342	0.0628571428571429
285	0.144578313253012	0.337837837837838	0.0628571428571429
286	0.143239625167336	0.337837837837838	0.060952380952381
287	0.143239625167336	0.333333333333333	0.0628571428571429
288	0.145917001338688	0.342342342342342	0.0628571428571429
289	0.144578313253012	0.342342342342342	0.060952380952381
290	0.144578313253012	0.342342342342342	0.060952380952381
291	0.140562248995984	0.333333333333333	0.0590476190476191
292	0.14190093708166	0.333333333333333	0.060952380952381
293	0.140562248995984	0.333333333333333	0.0590476190476191
294	0.14190093708166	0.337837837837838	0.0590476190476191
295	0.140562248995984	0.333333333333333	0.0590476190476191
296	0.140562248995984	0.333333333333333	0.0590476190476191
297	0.139223560910308	0.333333333333333	0.0571428571428571
298	0.139223560910308	0.333333333333333	0.0571428571428571
299	0.140562248995984	0.333333333333333	0.0590476190476191
300	0.14190093708166	0.337837837837838	0.0590476190476191
301	0.137884872824632	0.333333333333333	0.0552380952380952
302	0.14190093708166	0.342342342342342	0.0571428571428571
303	0.140562248995984	0.337837837837838	0.0571428571428571
304	0.14190093708166	0.342342342342342	0.0571428571428571
305	0.139223560910308	0.337837837837838	0.0552380952380952
306	0.139223560910308	0.337837837837838	0.0552380952380952
307	0.139223560910308	0.337837837837838	0.0552380952380952
308	0.140562248995984	0.337837837837838	0.0571428571428571
309	0.139223560910308	0.337837837837838	0.0552380952380952
310	0.140562248995984	0.342342342342342	0.0552380952380952
311	0.140562248995984	0.342342342342342	0.0552380952380952
312	0.14190093708166	0.342342342342342	0.0571428571428571
313	0.14190093708166	0.342342342342342	0.0571428571428571
314	0.143239625167336	0.342342342342342	0.0590476190476191
315	0.143239625167336	0.342342342342342	0.0590476190476191
316	0.143239625167336	0.337837837837838	0.060952380952381
317	0.145917001338688	0.342342342342342	0.0628571428571429
318	0.144578313253012	0.342342342342342	0.060952380952381
319	0.144578313253012	0.342342342342342	0.060952380952381
320	0.145917001338688	0.346846846846847	0.060952380952381
321	0.14859437751004	0.346846846846847	0.0647619047619048
322	0.145917001338688	0.346846846846847	0.060952380952381
323	0.147255689424364	0.346846846846847	0.0628571428571429
324	0.147255689424364	0.346846846846847	0.0628571428571429
325	0.144578313253012	0.342342342342342	0.060952380952381
326	0.144578313253012	0.337837837837838	0.0628571428571429
327	0.143239625167336	0.337837837837838	0.060952380952381
328	0.143239625167336	0.337837837837838	0.060952380952381
329	0.143239625167336	0.337837837837838	0.060952380952381
330	0.14190093708166	0.337837837837838	0.0590476190476191
331	0.144578313253012	0.342342342342342	0.060952380952381
332	0.143239625167336	0.337837837837838	0.060952380952381
333	0.143239625167336	0.337837837837838	0.060952380952381
334	0.14190093708166	0.333333333333333	0.060952380952381
335	0.144578313253012	0.337837837837838	0.0628571428571429
336	0.14190093708166	0.333333333333333	0.060952380952381
337	0.144578313253012	0.342342342342342	0.060952380952381
338	0.14190093708166	0.333333333333333	0.060952380952381
339	0.14190093708166	0.333333333333333	0.060952380952381
340	0.14190093708166	0.337837837837838	0.0590476190476191
341	0.14190093708166	0.342342342342342	0.0571428571428571
342	0.143239625167336	0.342342342342342	0.0590476190476191
343	0.140562248995984	0.337837837837838	0.0571428571428571
344	0.140562248995984	0.337837837837838	0.0571428571428571
345	0.140562248995984	0.342342342342342	0.0552380952380952
346	0.14190093708166	0.342342342342342	0.0571428571428571
347	0.140562248995984	0.342342342342342	0.0552380952380952
348	0.14190093708166	0.342342342342342	0.0571428571428571
349	0.140562248995984	0.342342342342342	0.0552380952380952
350	0.140562248995984	0.342342342342342	0.0552380952380952
351	0.139223560910308	0.342342342342342	0.0533333333333333
352	0.140562248995984	0.342342342342342	0.0552380952380952
353	0.140562248995984	0.342342342342342	0.0552380952380952
354	0.139223560910308	0.342342342342342	0.0533333333333333
355	0.139223560910308	0.342342342342342	0.0533333333333333
356	0.137884872824632	0.342342342342342	0.0514285714285714
357	0.136546184738956	0.342342342342342	0.0495238095238095
358	0.137884872824632	0.342342342342342	0.0514285714285714
359	0.139223560910308	0.342342342342342	0.0533333333333333
360	0.14190093708166	0.346846846846847	0.0552380952380952
361	0.14190093708166	0.346846846846847	0.0552380952380952
362	0.140562248995984	0.346846846846847	0.0533333333333333
363	0.14190093708166	0.346846846846847	0.0552380952380952
364	0.14190093708166	0.346846846846847	0.0552380952380952
365	0.14190093708166	0.346846846846847	0.0552380952380952
366	0.137884872824632	0.337837837837838	0.0533333333333333
367	0.139223560910308	0.342342342342342	0.0533333333333333
368	0.140562248995984	0.337837837837838	0.0571428571428571
369	0.139223560910308	0.337837837837838	0.0552380952380952
370	0.140562248995984	0.337837837837838	0.0571428571428571
371	0.140562248995984	0.337837837837838	0.0571428571428571
372	0.140562248995984	0.337837837837838	0.0571428571428571
373	0.140562248995984	0.337837837837838	0.0571428571428571
374	0.140562248995984	0.337837837837838	0.0571428571428571
375	0.140562248995984	0.337837837837838	0.0571428571428571
376	0.14190093708166	0.337837837837838	0.0590476190476191
377	0.14190093708166	0.342342342342342	0.0571428571428571
378	0.14190093708166	0.337837837837838	0.0590476190476191
379	0.14190093708166	0.337837837837838	0.0590476190476191
380	0.14190093708166	0.337837837837838	0.0590476190476191
381	0.14190093708166	0.337837837837838	0.0590476190476191
382	0.140562248995984	0.337837837837838	0.0571428571428571
383	0.140562248995984	0.337837837837838	0.0571428571428571
384	0.14190093708166	0.337837837837838	0.0590476190476191
385	0.14190093708166	0.337837837837838	0.0590476190476191
386	0.140562248995984	0.337837837837838	0.0571428571428571
387	0.14190093708166	0.337837837837838	0.0590476190476191
388	0.14190093708166	0.342342342342342	0.0571428571428571
389	0.143239625167336	0.342342342342342	0.0590476190476191
390	0.143239625167336	0.342342342342342	0.0590476190476191
391	0.14190093708166	0.342342342342342	0.0571428571428571
392	0.14190093708166	0.342342342342342	0.0571428571428571
393	0.140562248995984	0.342342342342342	0.0552380952380952
394	0.14190093708166	0.346846846846847	0.0552380952380952
395	0.139223560910308	0.337837837837838	0.0552380952380952
396	0.139223560910308	0.337837837837838	0.0552380952380952
397	0.139223560910308	0.337837837837838	0.0552380952380952
398	0.139223560910308	0.337837837837838	0.0552380952380952
399	0.140562248995984	0.337837837837838	0.0571428571428571
400	0.140562248995984	0.337837837837838	0.0571428571428571
401	0.140562248995984	0.337837837837838	0.0571428571428571
402	0.140562248995984	0.337837837837838	0.0571428571428571
403	0.140562248995984	0.337837837837838	0.0571428571428571
404	0.139223560910308	0.337837837837838	0.0552380952380952
405	0.140562248995984	0.337837837837838	0.0571428571428571
406	0.140562248995984	0.337837837837838	0.0571428571428571
407	0.14190093708166	0.342342342342342	0.0571428571428571
408	0.14190093708166	0.342342342342342	0.0571428571428571
409	0.14190093708166	0.342342342342342	0.0571428571428571
410	0.14190093708166	0.342342342342342	0.0571428571428571
411	0.140562248995984	0.337837837837838	0.0571428571428571
412	0.14190093708166	0.342342342342342	0.0571428571428571
413	0.140562248995984	0.337837837837838	0.0571428571428571
414	0.139223560910308	0.333333333333333	0.0571428571428571
415	0.14190093708166	0.337837837837838	0.0590476190476191
416	0.14190093708166	0.337837837837838	0.0590476190476191
417	0.14190093708166	0.337837837837838	0.0590476190476191
418	0.14190093708166	0.337837837837838	0.0590476190476191
419	0.14190093708166	0.337837837837838	0.0590476190476191
420	0.14190093708166	0.337837837837838	0.0590476190476191
421	0.14190093708166	0.337837837837838	0.0590476190476191
422	0.14190093708166	0.337837837837838	0.0590476190476191
423	0.14190093708166	0.337837837837838	0.0590476190476191
424	0.143239625167336	0.337837837837838	0.060952380952381
425	0.143239625167336	0.337837837837838	0.060952380952381
426	0.14190093708166	0.337837837837838	0.0590476190476191
427	0.14190093708166	0.337837837837838	0.0590476190476191
428	0.143239625167336	0.342342342342342	0.0590476190476191
429	0.143239625167336	0.342342342342342	0.0590476190476191
430	0.143239625167336	0.342342342342342	0.0590476190476191
431	0.143239625167336	0.342342342342342	0.0590476190476191
432	0.143239625167336	0.342342342342342	0.0590476190476191
433	0.144578313253012	0.342342342342342	0.060952380952381
434	0.14190093708166	0.342342342342342	0.0571428571428571
435	0.143239625167336	0.342342342342342	0.0590476190476191
436	0.143239625167336	0.342342342342342	0.0590476190476191
437	0.143239625167336	0.342342342342342	0.0590476190476191
438	0.143239625167336	0.342342342342342	0.0590476190476191
439	0.144578313253012	0.342342342342342	0.060952380952381
440	0.144578313253012	0.342342342342342	0.060952380952381
441	0.147255689424364	0.346846846846847	0.0628571428571429
442	0.145917001338688	0.346846846846847	0.060952380952381
443	0.144578313253012	0.342342342342342	0.060952380952381
444	0.145917001338688	0.346846846846847	0.060952380952381
445	0.143239625167336	0.342342342342342	0.0590476190476191
446	0.144578313253012	0.346846846846847	0.0590476190476191
447	0.143239625167336	0.346846846846847	0.0571428571428571
448	0.14190093708166	0.342342342342342	0.0571428571428571
449	0.143239625167336	0.346846846846847	0.0571428571428571
450	0.14190093708166	0.342342342342342	0.0571428571428571
451	0.140562248995984	0.342342342342342	0.0552380952380952
452	0.14190093708166	0.342342342342342	0.0571428571428571
453	0.140562248995984	0.342342342342342	0.0552380952380952
454	0.14190093708166	0.342342342342342	0.0571428571428571
455	0.14190093708166	0.342342342342342	0.0571428571428571
456	0.139223560910308	0.337837837837838	0.0552380952380952
457	0.14190093708166	0.346846846846847	0.0552380952380952
458	0.143239625167336	0.346846846846847	0.0571428571428571
459	0.143239625167336	0.346846846846847	0.0571428571428571
460	0.143239625167336	0.346846846846847	0.0571428571428571
461	0.143239625167336	0.346846846846847	0.0571428571428571
462	0.143239625167336	0.346846846846847	0.0571428571428571
463	0.143239625167336	0.346846846846847	0.0571428571428571
464	0.143239625167336	0.346846846846847	0.0571428571428571
465	0.14190093708166	0.342342342342342	0.0571428571428571
466	0.14190093708166	0.342342342342342	0.0571428571428571
467	0.14190093708166	0.342342342342342	0.0571428571428571
468	0.139223560910308	0.333333333333333	0.0571428571428571
469	0.143239625167336	0.342342342342342	0.0590476190476191
470	0.140562248995984	0.337837837837838	0.0571428571428571
471	0.14190093708166	0.337837837837838	0.0590476190476191
472	0.14190093708166	0.337837837837838	0.0590476190476191
473	0.140562248995984	0.337837837837838	0.0571428571428571
474	0.140562248995984	0.337837837837838	0.0571428571428571
475	0.140562248995984	0.337837837837838	0.0571428571428571
476	0.140562248995984	0.337837837837838	0.0571428571428571
477	0.14190093708166	0.337837837837838	0.0590476190476191
478	0.14190093708166	0.337837837837838	0.0590476190476191
479	0.140562248995984	0.337837837837838	0.0571428571428571
480	0.139223560910308	0.337837837837838	0.0552380952380952
481	0.14190093708166	0.337837837837838	0.0590476190476191
482	0.14190093708166	0.337837837837838	0.0590476190476191
483	0.140562248995984	0.337837837837838	0.0571428571428571
484	0.140562248995984	0.337837837837838	0.0571428571428571
485	0.140562248995984	0.342342342342342	0.0552380952380952
486	0.139223560910308	0.337837837837838	0.0552380952380952
487	0.140562248995984	0.337837837837838	0.0571428571428571
488	0.139223560910308	0.337837837837838	0.0552380952380952
489	0.140562248995984	0.342342342342342	0.0552380952380952
490	0.140562248995984	0.342342342342342	0.0552380952380952
491	0.14190093708166	0.342342342342342	0.0571428571428571
492	0.140562248995984	0.337837837837838	0.0571428571428571
493	0.140562248995984	0.337837837837838	0.0571428571428571
494	0.140562248995984	0.337837837837838	0.0571428571428571
495	0.14190093708166	0.337837837837838	0.0590476190476191
496	0.140562248995984	0.337837837837838	0.0571428571428571
497	0.140562248995984	0.337837837837838	0.0571428571428571
498	0.137884872824632	0.337837837837838	0.0533333333333333
499	0.140562248995984	0.342342342342342	0.0552380952380952
500	0.139223560910308	0.337837837837838	0.0552380952380952
501	0.139223560910308	0.337837837837838	0.0552380952380952
502	0.140562248995984	0.342342342342342	0.0552380952380952
503	0.14190093708166	0.346846846846847	0.0552380952380952
504	0.136546184738956	0.337837837837838	0.0514285714285714
505	0.139223560910308	0.342342342342342	0.0533333333333333
506	0.140562248995984	0.346846846846847	0.0533333333333333
507	0.139223560910308	0.346846846846847	0.0514285714285714
508	0.140562248995984	0.346846846846847	0.0533333333333333
509	0.140562248995984	0.346846846846847	0.0533333333333333
510	0.143239625167336	0.346846846846847	0.0571428571428571
511	0.14190093708166	0.346846846846847	0.0552380952380952
512	0.143239625167336	0.346846846846847	0.0571428571428571
513	0.14190093708166	0.346846846846847	0.0552380952380952
514	0.143239625167336	0.351351351351351	0.0552380952380952
515	0.139223560910308	0.346846846846847	0.0514285714285714
516	0.140562248995984	0.346846846846847	0.0533333333333333
517	0.140562248995984	0.346846846846847	0.0533333333333333
518	0.14190093708166	0.346846846846847	0.0552380952380952
519	0.143239625167336	0.346846846846847	0.0571428571428571
520	0.140562248995984	0.346846846846847	0.0533333333333333
521	0.143239625167336	0.346846846846847	0.0571428571428571
522	0.143239625167336	0.346846846846847	0.0571428571428571
523	0.14190093708166	0.346846846846847	0.0552380952380952
524	0.140562248995984	0.346846846846847	0.0533333333333333
525	0.14190093708166	0.346846846846847	0.0552380952380952
526	0.139223560910308	0.346846846846847	0.0514285714285714
527	0.14190093708166	0.346846846846847	0.0552380952380952
528	0.14190093708166	0.346846846846847	0.0552380952380952
529	0.143239625167336	0.346846846846847	0.0571428571428571
530	0.143239625167336	0.346846846846847	0.0571428571428571
531	0.144578313253012	0.346846846846847	0.0590476190476191
532	0.144578313253012	0.346846846846847	0.0590476190476191
533	0.144578313253012	0.346846846846847	0.0590476190476191
534	0.144578313253012	0.346846846846847	0.0590476190476191
535	0.143239625167336	0.346846846846847	0.0571428571428571
536	0.143239625167336	0.346846846846847	0.0571428571428571
537	0.143239625167336	0.351351351351351	0.0552380952380952
538	0.144578313253012	0.355855855855856	0.0552380952380952
539	0.144578313253012	0.355855855855856	0.0552380952380952
540	0.143239625167336	0.351351351351351	0.0552380952380952
541	0.145917001338688	0.355855855855856	0.0571428571428571
542	0.143239625167336	0.355855855855856	0.0533333333333333
543	0.144578313253012	0.355855855855856	0.0552380952380952
544	0.144578313253012	0.355855855855856	0.0552380952380952
545	0.143239625167336	0.351351351351351	0.0552380952380952
546	0.144578313253012	0.355855855855856	0.0552380952380952
547	0.144578313253012	0.355855855855856	0.0552380952380952
548	0.145917001338688	0.355855855855856	0.0571428571428571
549	0.145917001338688	0.355855855855856	0.0571428571428571
550	0.144578313253012	0.355855855855856	0.0552380952380952
551	0.143239625167336	0.351351351351351	0.0552380952380952
552	0.143239625167336	0.351351351351351	0.0552380952380952
553	0.14190093708166	0.351351351351351	0.0533333333333333
554	0.14190093708166	0.351351351351351	0.0533333333333333
555	0.143239625167336	0.355855855855856	0.0533333333333333
556	0.140562248995984	0.346846846846847	0.0533333333333333
557	0.140562248995984	0.346846846846847	0.0533333333333333
558	0.140562248995984	0.346846846846847	0.0533333333333333
559	0.139223560910308	0.346846846846847	0.0514285714285714
560	0.140562248995984	0.346846846846847	0.0533333333333333
561	0.140562248995984	0.346846846846847	0.0533333333333333
562	0.14190093708166	0.351351351351351	0.0533333333333333
563	0.140562248995984	0.346846846846847	0.0533333333333333
564	0.140562248995984	0.346846846846847	0.0533333333333333
565	0.140562248995984	0.351351351351351	0.0514285714285714
566	0.140562248995984	0.351351351351351	0.0514285714285714
567	0.14190093708166	0.351351351351351	0.0533333333333333
568	0.14190093708166	0.351351351351351	0.0533333333333333
569	0.140562248995984	0.346846846846847	0.0533333333333333
570	0.14190093708166	0.351351351351351	0.0533333333333333
571	0.14190093708166	0.351351351351351	0.0533333333333333
572	0.140562248995984	0.351351351351351	0.0514285714285714
573	0.139223560910308	0.351351351351351	0.0495238095238095
574	0.140562248995984	0.351351351351351	0.0514285714285714
575	0.140562248995984	0.351351351351351	0.0514285714285714
576	0.140562248995984	0.346846846846847	0.0533333333333333
577	0.139223560910308	0.346846846846847	0.0514285714285714
578	0.139223560910308	0.346846846846847	0.0514285714285714
579	0.140562248995984	0.346846846846847	0.0533333333333333
580	0.139223560910308	0.346846846846847	0.0514285714285714
581	0.140562248995984	0.346846846846847	0.0533333333333333
582	0.140562248995984	0.346846846846847	0.0533333333333333
583	0.139223560910308	0.346846846846847	0.0514285714285714
584	0.139223560910308	0.346846846846847	0.0514285714285714
585	0.140562248995984	0.346846846846847	0.0533333333333333
586	0.140562248995984	0.346846846846847	0.0533333333333333
587	0.140562248995984	0.346846846846847	0.0533333333333333
588	0.140562248995984	0.346846846846847	0.0533333333333333
589	0.140562248995984	0.346846846846847	0.0533333333333333
590	0.140562248995984	0.346846846846847	0.0533333333333333
591	0.140562248995984	0.346846846846847	0.0533333333333333
592	0.140562248995984	0.346846846846847	0.0533333333333333
593	0.140562248995984	0.346846846846847	0.0533333333333333
594	0.14190093708166	0.346846846846847	0.0552380952380952
595	0.14190093708166	0.346846846846847	0.0552380952380952
596	0.139223560910308	0.346846846846847	0.0514285714285714
597	0.14190093708166	0.346846846846847	0.0552380952380952
598	0.14190093708166	0.346846846846847	0.0552380952380952
599	0.139223560910308	0.342342342342342	0.0533333333333333
600	0.14190093708166	0.351351351351351	0.0533333333333333
601	0.14190093708166	0.346846846846847	0.0552380952380952
602	0.139223560910308	0.342342342342342	0.0533333333333333
603	0.140562248995984	0.346846846846847	0.0533333333333333
604	0.139223560910308	0.346846846846847	0.0514285714285714
605	0.139223560910308	0.351351351351351	0.0495238095238095
606	0.140562248995984	0.351351351351351	0.0514285714285714
607	0.140562248995984	0.351351351351351	0.0514285714285714
608	0.14190093708166	0.351351351351351	0.0533333333333333
609	0.14190093708166	0.351351351351351	0.0533333333333333
610	0.14190093708166	0.351351351351351	0.0533333333333333
611	0.14190093708166	0.351351351351351	0.0533333333333333
612	0.143239625167336	0.351351351351351	0.0552380952380952
613	0.143239625167336	0.351351351351351	0.0552380952380952
614	0.143239625167336	0.351351351351351	0.0552380952380952
615	0.143239625167336	0.351351351351351	0.0552380952380952
616	0.14190093708166	0.346846846846847	0.0552380952380952
617	0.14190093708166	0.346846846846847	0.0552380952380952
618	0.143239625167336	0.351351351351351	0.0552380952380952
619	0.14190093708166	0.346846846846847	0.0552380952380952
620	0.14190093708166	0.342342342342342	0.0571428571428571
621	0.14190093708166	0.342342342342342	0.0571428571428571
622	0.140562248995984	0.342342342342342	0.0552380952380952
623	0.139223560910308	0.342342342342342	0.0533333333333333
624	0.139223560910308	0.342342342342342	0.0533333333333333
625	0.140562248995984	0.342342342342342	0.0552380952380952
626	0.139223560910308	0.342342342342342	0.0533333333333333
627	0.140562248995984	0.342342342342342	0.0552380952380952
628	0.140562248995984	0.342342342342342	0.0552380952380952
629	0.140562248995984	0.342342342342342	0.0552380952380952
630	0.139223560910308	0.342342342342342	0.0533333333333333
631	0.139223560910308	0.342342342342342	0.0533333333333333
632	0.139223560910308	0.342342342342342	0.0533333333333333
633	0.139223560910308	0.342342342342342	0.0533333333333333
634	0.139223560910308	0.342342342342342	0.0533333333333333
635	0.139223560910308	0.342342342342342	0.0533333333333333
636	0.139223560910308	0.342342342342342	0.0533333333333333
637	0.14190093708166	0.342342342342342	0.0571428571428571
638	0.14190093708166	0.342342342342342	0.0571428571428571
639	0.143239625167336	0.346846846846847	0.0571428571428571
640	0.14190093708166	0.342342342342342	0.0571428571428571
641	0.14190093708166	0.346846846846847	0.0552380952380952
642	0.140562248995984	0.342342342342342	0.0552380952380952
643	0.14190093708166	0.346846846846847	0.0552380952380952
644	0.14190093708166	0.342342342342342	0.0571428571428571
645	0.140562248995984	0.342342342342342	0.0552380952380952
646	0.14190093708166	0.342342342342342	0.0571428571428571
647	0.140562248995984	0.342342342342342	0.0552380952380952
648	0.14190093708166	0.342342342342342	0.0571428571428571
649	0.137884872824632	0.342342342342342	0.0514285714285714
650	0.14190093708166	0.342342342342342	0.0571428571428571
651	0.143239625167336	0.346846846846847	0.0571428571428571
652	0.14190093708166	0.346846846846847	0.0552380952380952
653	0.145917001338688	0.346846846846847	0.060952380952381
654	0.144578313253012	0.346846846846847	0.0590476190476191
655	0.144578313253012	0.351351351351351	0.0571428571428571
656	0.144578313253012	0.346846846846847	0.0590476190476191
657	0.144578313253012	0.346846846846847	0.0590476190476191
658	0.143239625167336	0.346846846846847	0.0571428571428571
659	0.14190093708166	0.351351351351351	0.0533333333333333
660	0.139223560910308	0.346846846846847	0.0514285714285714
661	0.14190093708166	0.346846846846847	0.0552380952380952
662	0.140562248995984	0.346846846846847	0.0533333333333333
663	0.14190093708166	0.351351351351351	0.0533333333333333
664	0.14190093708166	0.351351351351351	0.0533333333333333
665	0.140562248995984	0.346846846846847	0.0533333333333333
666	0.14190093708166	0.351351351351351	0.0533333333333333
667	0.139223560910308	0.346846846846847	0.0514285714285714
668	0.140562248995984	0.346846846846847	0.0533333333333333
669	0.14190093708166	0.351351351351351	0.0533333333333333
670	0.14190093708166	0.351351351351351	0.0533333333333333
671	0.14190093708166	0.351351351351351	0.0533333333333333
672	0.14190093708166	0.351351351351351	0.0533333333333333
673	0.14190093708166	0.351351351351351	0.0533333333333333
674	0.14190093708166	0.351351351351351	0.0533333333333333
675	0.14190093708166	0.346846846846847	0.0552380952380952
676	0.14190093708166	0.351351351351351	0.0533333333333333
677	0.14190093708166	0.351351351351351	0.0533333333333333
678	0.14190093708166	0.351351351351351	0.0533333333333333
679	0.14190093708166	0.351351351351351	0.0533333333333333
680	0.143239625167336	0.351351351351351	0.0552380952380952
681	0.143239625167336	0.351351351351351	0.0552380952380952
682	0.144578313253012	0.351351351351351	0.0571428571428571
683	0.144578313253012	0.351351351351351	0.0571428571428571
684	0.14190093708166	0.351351351351351	0.0533333333333333
685	0.143239625167336	0.351351351351351	0.0552380952380952
686	0.140562248995984	0.351351351351351	0.0514285714285714
687	0.14190093708166	0.346846846846847	0.0552380952380952
688	0.139223560910308	0.346846846846847	0.0514285714285714
689	0.139223560910308	0.346846846846847	0.0514285714285714
690	0.137884872824632	0.342342342342342	0.0514285714285714
691	0.139223560910308	0.342342342342342	0.0533333333333333
692	0.140562248995984	0.346846846846847	0.0533333333333333
693	0.139223560910308	0.346846846846847	0.0514285714285714
694	0.137884872824632	0.342342342342342	0.0514285714285714
695	0.140562248995984	0.346846846846847	0.0533333333333333
696	0.139223560910308	0.342342342342342	0.0533333333333333
697	0.140562248995984	0.342342342342342	0.0552380952380952
698	0.140562248995984	0.342342342342342	0.0552380952380952
699	0.140562248995984	0.342342342342342	0.0552380952380952
700	0.140562248995984	0.342342342342342	0.0552380952380952
701	0.140562248995984	0.342342342342342	0.0552380952380952
702	0.139223560910308	0.342342342342342	0.0533333333333333
703	0.139223560910308	0.342342342342342	0.0533333333333333
704	0.139223560910308	0.342342342342342	0.0533333333333333
705	0.140562248995984	0.346846846846847	0.0533333333333333
706	0.140562248995984	0.346846846846847	0.0533333333333333
707	0.140562248995984	0.346846846846847	0.0533333333333333
708	0.139223560910308	0.342342342342342	0.0533333333333333
709	0.140562248995984	0.346846846846847	0.0533333333333333
710	0.140562248995984	0.346846846846847	0.0533333333333333
711	0.140562248995984	0.346846846846847	0.0533333333333333
712	0.140562248995984	0.346846846846847	0.0533333333333333
713	0.140562248995984	0.346846846846847	0.0533333333333333
714	0.137884872824632	0.346846846846847	0.0495238095238095
715	0.137884872824632	0.346846846846847	0.0495238095238095
716	0.14190093708166	0.351351351351351	0.0533333333333333
717	0.140562248995984	0.346846846846847	0.0533333333333333
718	0.140562248995984	0.351351351351351	0.0514285714285714
719	0.140562248995984	0.351351351351351	0.0514285714285714
720	0.140562248995984	0.351351351351351	0.0514285714285714
721	0.139223560910308	0.351351351351351	0.0495238095238095
722	0.140562248995984	0.351351351351351	0.0514285714285714
723	0.140562248995984	0.351351351351351	0.0514285714285714
724	0.137884872824632	0.351351351351351	0.0476190476190476
725	0.137884872824632	0.346846846846847	0.0495238095238095
726	0.139223560910308	0.351351351351351	0.0495238095238095
727	0.139223560910308	0.351351351351351	0.0495238095238095
728	0.139223560910308	0.351351351351351	0.0495238095238095
729	0.136546184738956	0.346846846846847	0.0476190476190476
730	0.136546184738956	0.346846846846847	0.0476190476190476
731	0.136546184738956	0.346846846846847	0.0476190476190476
732	0.137884872824632	0.346846846846847	0.0495238095238095
733	0.137884872824632	0.346846846846847	0.0495238095238095
734	0.137884872824632	0.346846846846847	0.0495238095238095
735	0.137884872824632	0.346846846846847	0.0495238095238095
736	0.137884872824632	0.346846846846847	0.0495238095238095
737	0.137884872824632	0.346846846846847	0.0495238095238095
738	0.137884872824632	0.346846846846847	0.0495238095238095
739	0.137884872824632	0.346846846846847	0.0495238095238095
740	0.137884872824632	0.346846846846847	0.0495238095238095
741	0.13520749665328	0.342342342342342	0.0476190476190476
742	0.136546184738956	0.342342342342342	0.0495238095238095
743	0.136546184738956	0.342342342342342	0.0495238095238095
744	0.137884872824632	0.342342342342342	0.0514285714285714
745	0.137884872824632	0.346846846846847	0.0495238095238095
746	0.137884872824632	0.342342342342342	0.0514285714285714
747	0.139223560910308	0.342342342342342	0.0533333333333333
748	0.137884872824632	0.346846846846847	0.0495238095238095
749	0.140562248995984	0.351351351351351	0.0514285714285714
750	0.14190093708166	0.351351351351351	0.0533333333333333
751	0.14190093708166	0.351351351351351	0.0533333333333333
752	0.140562248995984	0.351351351351351	0.0514285714285714
753	0.140562248995984	0.351351351351351	0.0514285714285714
754	0.139223560910308	0.351351351351351	0.0495238095238095
755	0.139223560910308	0.351351351351351	0.0495238095238095
756	0.137884872824632	0.351351351351351	0.0476190476190476
757	0.140562248995984	0.351351351351351	0.0514285714285714
758	0.140562248995984	0.351351351351351	0.0514285714285714
759	0.139223560910308	0.351351351351351	0.0495238095238095
760	0.139223560910308	0.351351351351351	0.0495238095238095
761	0.140562248995984	0.351351351351351	0.0514285714285714
762	0.140562248995984	0.351351351351351	0.0514285714285714
763	0.140562248995984	0.351351351351351	0.0514285714285714
764	0.139223560910308	0.346846846846847	0.0514285714285714
765	0.139223560910308	0.346846846846847	0.0514285714285714
766	0.139223560910308	0.346846846846847	0.0514285714285714
767	0.137884872824632	0.346846846846847	0.0495238095238095
768	0.137884872824632	0.346846846846847	0.0495238095238095
769	0.140562248995984	0.346846846846847	0.0533333333333333
770	0.14190093708166	0.346846846846847	0.0552380952380952
771	0.14190093708166	0.346846846846847	0.0552380952380952
772	0.140562248995984	0.346846846846847	0.0533333333333333
773	0.14190093708166	0.346846846846847	0.0552380952380952
774	0.14190093708166	0.346846846846847	0.0552380952380952
775	0.140562248995984	0.351351351351351	0.0514285714285714
776	0.14190093708166	0.351351351351351	0.0533333333333333
777	0.143239625167336	0.351351351351351	0.0552380952380952
778	0.143239625167336	0.351351351351351	0.0552380952380952
779	0.14190093708166	0.346846846846847	0.0552380952380952
780	0.139223560910308	0.346846846846847	0.0514285714285714
781	0.140562248995984	0.351351351351351	0.0514285714285714
782	0.14190093708166	0.351351351351351	0.0533333333333333
783	0.14190093708166	0.351351351351351	0.0533333333333333
784	0.140562248995984	0.351351351351351	0.0514285714285714
785	0.14190093708166	0.351351351351351	0.0533333333333333
786	0.143239625167336	0.351351351351351	0.0552380952380952
787	0.139223560910308	0.351351351351351	0.0495238095238095
788	0.14190093708166	0.351351351351351	0.0533333333333333
789	0.143239625167336	0.351351351351351	0.0552380952380952
790	0.14190093708166	0.351351351351351	0.0533333333333333
791	0.14190093708166	0.351351351351351	0.0533333333333333
792	0.143239625167336	0.351351351351351	0.0552380952380952
793	0.140562248995984	0.351351351351351	0.0514285714285714
794	0.14190093708166	0.351351351351351	0.0533333333333333
795	0.14190093708166	0.351351351351351	0.0533333333333333
796	0.143239625167336	0.351351351351351	0.0552380952380952
797	0.143239625167336	0.351351351351351	0.0552380952380952
798	0.143239625167336	0.351351351351351	0.0552380952380952
799	0.14190093708166	0.351351351351351	0.0533333333333333
800	0.14190093708166	0.351351351351351	0.0533333333333333
801	0.14190093708166	0.351351351351351	0.0533333333333333
802	0.143239625167336	0.351351351351351	0.0552380952380952
803	0.143239625167336	0.351351351351351	0.0552380952380952
804	0.14190093708166	0.351351351351351	0.0533333333333333
805	0.143239625167336	0.351351351351351	0.0552380952380952
806	0.14190093708166	0.351351351351351	0.0533333333333333
807	0.14190093708166	0.351351351351351	0.0533333333333333
808	0.14190093708166	0.351351351351351	0.0533333333333333
809	0.143239625167336	0.351351351351351	0.0552380952380952
810	0.143239625167336	0.351351351351351	0.0552380952380952
811	0.143239625167336	0.351351351351351	0.0552380952380952
812	0.143239625167336	0.351351351351351	0.0552380952380952
813	0.143239625167336	0.351351351351351	0.0552380952380952
814	0.143239625167336	0.351351351351351	0.0552380952380952
815	0.143239625167336	0.351351351351351	0.0552380952380952
816	0.143239625167336	0.351351351351351	0.0552380952380952
817	0.143239625167336	0.351351351351351	0.0552380952380952
818	0.143239625167336	0.351351351351351	0.0552380952380952
819	0.143239625167336	0.351351351351351	0.0552380952380952
820	0.143239625167336	0.351351351351351	0.0552380952380952
821	0.144578313253012	0.351351351351351	0.0571428571428571
822	0.143239625167336	0.351351351351351	0.0552380952380952
823	0.143239625167336	0.351351351351351	0.0552380952380952
824	0.140562248995984	0.351351351351351	0.0514285714285714
825	0.14190093708166	0.351351351351351	0.0533333333333333
826	0.143239625167336	0.351351351351351	0.0552380952380952
827	0.14190093708166	0.351351351351351	0.0533333333333333
828	0.14190093708166	0.351351351351351	0.0533333333333333
829	0.143239625167336	0.351351351351351	0.0552380952380952
830	0.14190093708166	0.351351351351351	0.0533333333333333
831	0.14190093708166	0.351351351351351	0.0533333333333333
832	0.14190093708166	0.351351351351351	0.0533333333333333
833	0.14190093708166	0.351351351351351	0.0533333333333333
834	0.140562248995984	0.351351351351351	0.0514285714285714
835	0.14190093708166	0.351351351351351	0.0533333333333333
836	0.143239625167336	0.351351351351351	0.0552380952380952
837	0.143239625167336	0.351351351351351	0.0552380952380952
838	0.143239625167336	0.351351351351351	0.0552380952380952
839	0.143239625167336	0.351351351351351	0.0552380952380952
840	0.143239625167336	0.351351351351351	0.0552380952380952
841	0.143239625167336	0.351351351351351	0.0552380952380952
842	0.143239625167336	0.351351351351351	0.0552380952380952
843	0.143239625167336	0.351351351351351	0.0552380952380952
844	0.144578313253012	0.351351351351351	0.0571428571428571
845	0.144578313253012	0.351351351351351	0.0571428571428571
846	0.14190093708166	0.351351351351351	0.0533333333333333
847	0.143239625167336	0.351351351351351	0.0552380952380952
848	0.143239625167336	0.351351351351351	0.0552380952380952
849	0.143239625167336	0.351351351351351	0.0552380952380952
850	0.143239625167336	0.351351351351351	0.0552380952380952
851	0.143239625167336	0.351351351351351	0.0552380952380952
852	0.143239625167336	0.351351351351351	0.0552380952380952
853	0.143239625167336	0.351351351351351	0.0552380952380952
854	0.143239625167336	0.351351351351351	0.0552380952380952
855	0.143239625167336	0.351351351351351	0.0552380952380952
856	0.143239625167336	0.351351351351351	0.0552380952380952
857	0.143239625167336	0.351351351351351	0.0552380952380952
858	0.143239625167336	0.351351351351351	0.0552380952380952
859	0.143239625167336	0.351351351351351	0.0552380952380952
860	0.143239625167336	0.351351351351351	0.0552380952380952
861	0.143239625167336	0.351351351351351	0.0552380952380952
862	0.143239625167336	0.351351351351351	0.0552380952380952
863	0.143239625167336	0.351351351351351	0.0552380952380952
864	0.144578313253012	0.355855855855856	0.0552380952380952
865	0.143239625167336	0.351351351351351	0.0552380952380952
866	0.143239625167336	0.351351351351351	0.0552380952380952
867	0.143239625167336	0.351351351351351	0.0552380952380952
868	0.143239625167336	0.351351351351351	0.0552380952380952
869	0.14190093708166	0.346846846846847	0.0552380952380952
870	0.14190093708166	0.346846846846847	0.0552380952380952
871	0.14190093708166	0.346846846846847	0.0552380952380952
872	0.144578313253012	0.355855855855856	0.0552380952380952
873	0.143239625167336	0.351351351351351	0.0552380952380952
874	0.143239625167336	0.351351351351351	0.0552380952380952
875	0.143239625167336	0.351351351351351	0.0552380952380952
876	0.143239625167336	0.351351351351351	0.0552380952380952
877	0.143239625167336	0.351351351351351	0.0552380952380952
878	0.143239625167336	0.351351351351351	0.0552380952380952
879	0.143239625167336	0.351351351351351	0.0552380952380952
880	0.143239625167336	0.351351351351351	0.0552380952380952
881	0.143239625167336	0.351351351351351	0.0552380952380952
882	0.143239625167336	0.351351351351351	0.0552380952380952
883	0.143239625167336	0.351351351351351	0.0552380952380952
884	0.143239625167336	0.351351351351351	0.0552380952380952
885	0.143239625167336	0.351351351351351	0.0552380952380952
886	0.143239625167336	0.351351351351351	0.0552380952380952
887	0.143239625167336	0.351351351351351	0.0552380952380952
888	0.143239625167336	0.351351351351351	0.0552380952380952
889	0.143239625167336	0.351351351351351	0.0552380952380952
890	0.143239625167336	0.351351351351351	0.0552380952380952
891	0.143239625167336	0.351351351351351	0.0552380952380952
892	0.143239625167336	0.351351351351351	0.0552380952380952
893	0.145917001338688	0.351351351351351	0.0590476190476191
894	0.144578313253012	0.351351351351351	0.0571428571428571
895	0.144578313253012	0.351351351351351	0.0571428571428571
896	0.144578313253012	0.351351351351351	0.0571428571428571
897	0.144578313253012	0.351351351351351	0.0571428571428571
898	0.144578313253012	0.351351351351351	0.0571428571428571
899	0.144578313253012	0.351351351351351	0.0571428571428571
900	0.144578313253012	0.351351351351351	0.0571428571428571
901	0.144578313253012	0.351351351351351	0.0571428571428571
902	0.144578313253012	0.351351351351351	0.0571428571428571
903	0.144578313253012	0.351351351351351	0.0571428571428571
904	0.145917001338688	0.351351351351351	0.0590476190476191
905	0.145917001338688	0.351351351351351	0.0590476190476191
906	0.143239625167336	0.351351351351351	0.0552380952380952
907	0.143239625167336	0.351351351351351	0.0552380952380952
908	0.145917001338688	0.351351351351351	0.0590476190476191
909	0.144578313253012	0.351351351351351	0.0571428571428571
910	0.144578313253012	0.351351351351351	0.0571428571428571
911	0.145917001338688	0.351351351351351	0.0590476190476191
912	0.145917001338688	0.351351351351351	0.0590476190476191
913	0.145917001338688	0.351351351351351	0.0590476190476191
914	0.144578313253012	0.351351351351351	0.0571428571428571
915	0.145917001338688	0.351351351351351	0.0590476190476191
916	0.145917001338688	0.351351351351351	0.0590476190476191
917	0.145917001338688	0.351351351351351	0.0590476190476191
918	0.145917001338688	0.351351351351351	0.0590476190476191
919	0.145917001338688	0.351351351351351	0.0590476190476191
920	0.144578313253012	0.351351351351351	0.0571428571428571
921	0.144578313253012	0.351351351351351	0.0571428571428571
922	0.144578313253012	0.351351351351351	0.0571428571428571
923	0.145917001338688	0.351351351351351	0.0590476190476191
924	0.145917001338688	0.351351351351351	0.0590476190476191
925	0.145917001338688	0.351351351351351	0.0590476190476191
926	0.145917001338688	0.351351351351351	0.0590476190476191
927	0.144578313253012	0.351351351351351	0.0571428571428571
928	0.144578313253012	0.351351351351351	0.0571428571428571
929	0.144578313253012	0.351351351351351	0.0571428571428571
930	0.144578313253012	0.351351351351351	0.0571428571428571
931	0.144578313253012	0.351351351351351	0.0571428571428571
932	0.143239625167336	0.351351351351351	0.0552380952380952
933	0.144578313253012	0.351351351351351	0.0571428571428571
934	0.143239625167336	0.351351351351351	0.0552380952380952
935	0.143239625167336	0.351351351351351	0.0552380952380952
936	0.144578313253012	0.351351351351351	0.0571428571428571
937	0.145917001338688	0.351351351351351	0.0590476190476191
938	0.145917001338688	0.351351351351351	0.0590476190476191
939	0.144578313253012	0.351351351351351	0.0571428571428571
940	0.144578313253012	0.351351351351351	0.0571428571428571
941	0.144578313253012	0.351351351351351	0.0571428571428571
942	0.144578313253012	0.351351351351351	0.0571428571428571
943	0.144578313253012	0.351351351351351	0.0571428571428571
944	0.145917001338688	0.351351351351351	0.0590476190476191
945	0.143239625167336	0.351351351351351	0.0552380952380952
946	0.145917001338688	0.351351351351351	0.0590476190476191
947	0.143239625167336	0.351351351351351	0.0552380952380952
948	0.144578313253012	0.351351351351351	0.0571428571428571
949	0.144578313253012	0.351351351351351	0.0571428571428571
950	0.144578313253012	0.351351351351351	0.0571428571428571
951	0.144578313253012	0.351351351351351	0.0571428571428571
952	0.144578313253012	0.351351351351351	0.0571428571428571
953	0.144578313253012	0.351351351351351	0.0571428571428571
954	0.144578313253012	0.351351351351351	0.0571428571428571
955	0.144578313253012	0.351351351351351	0.0571428571428571
956	0.144578313253012	0.351351351351351	0.0571428571428571
957	0.145917001338688	0.351351351351351	0.0590476190476191
958	0.145917001338688	0.351351351351351	0.0590476190476191
959	0.144578313253012	0.346846846846847	0.0590476190476191
960	0.145917001338688	0.351351351351351	0.0590476190476191
961	0.144578313253012	0.346846846846847	0.0590476190476191
962	0.143239625167336	0.346846846846847	0.0571428571428571
963	0.144578313253012	0.351351351351351	0.0571428571428571
964	0.143239625167336	0.346846846846847	0.0571428571428571
965	0.144578313253012	0.351351351351351	0.0571428571428571
966	0.144578313253012	0.351351351351351	0.0571428571428571
967	0.144578313253012	0.351351351351351	0.0571428571428571
968	0.144578313253012	0.351351351351351	0.0571428571428571
969	0.145917001338688	0.351351351351351	0.0590476190476191
970	0.144578313253012	0.351351351351351	0.0571428571428571
971	0.144578313253012	0.351351351351351	0.0571428571428571
972	0.144578313253012	0.351351351351351	0.0571428571428571
973	0.144578313253012	0.351351351351351	0.0571428571428571
974	0.144578313253012	0.351351351351351	0.0571428571428571
975	0.144578313253012	0.351351351351351	0.0571428571428571
976	0.144578313253012	0.351351351351351	0.0571428571428571
977	0.144578313253012	0.351351351351351	0.0571428571428571
978	0.145917001338688	0.351351351351351	0.0590476190476191
979	0.144578313253012	0.351351351351351	0.0571428571428571
980	0.144578313253012	0.351351351351351	0.0571428571428571
981	0.144578313253012	0.351351351351351	0.0571428571428571
982	0.144578313253012	0.351351351351351	0.0571428571428571
983	0.144578313253012	0.351351351351351	0.0571428571428571
984	0.144578313253012	0.351351351351351	0.0571428571428571
985	0.144578313253012	0.351351351351351	0.0571428571428571
986	0.144578313253012	0.351351351351351	0.0571428571428571
987	0.144578313253012	0.351351351351351	0.0571428571428571
988	0.144578313253012	0.351351351351351	0.0571428571428571
989	0.144578313253012	0.351351351351351	0.0571428571428571
990	0.144578313253012	0.351351351351351	0.0571428571428571
991	0.144578313253012	0.351351351351351	0.0571428571428571
992	0.144578313253012	0.351351351351351	0.0571428571428571
993	0.144578313253012	0.351351351351351	0.0571428571428571
994	0.144578313253012	0.351351351351351	0.0571428571428571
995	0.144578313253012	0.351351351351351	0.0571428571428571
996	0.144578313253012	0.351351351351351	0.0571428571428571
997	0.144578313253012	0.351351351351351	0.0571428571428571
998	0.144578313253012	0.351351351351351	0.0571428571428571
999	0.144578313253012	0.351351351351351	0.0571428571428571
1000	0.144578313253012	0.351351351351351	0.0571428571428571
